{
  "Accuracy": 0.8173543689320388,
  "Sensitivity": 0.8436830835117773,
  "Specificity": 0.8069432684165961,
  "AUC": 0.9131701621135502,
  "TP": 394,
  "TN": 953,
  "FP": 228,
  "FN": 73
}