{
  "Accuracy": 0.8137135922330098,
  "Sensitivity": 0.8822269807280514,
  "Specificity": 0.7866215071972904,
  "AUC": 0.9245168414239013,
  "TP": 412,
  "TN": 929,
  "FP": 252,
  "FN": 55
}